timestamp,symbol,open,high,low,close,trades,volume,vwap
2021-04-27T00:00:00.000Z,XBTUSD,54025,54150,53363.5,53490.5,26415,188887308,53770.7875408254
2021-04-27T04:00:00.000Z,XBTUSD,53490.5,54900,53290.5,54561,30906,255020973,54332.1955802432
2021-04-27T08:00:00.000Z,XBTUSD,54561,55235,54405.5,55170,33548,259498834,54721.205716001
2021-04-27T12:00:00.000Z,XBTUSD,55170,55386.5,54437,55051,38359,326397811,54935.4477745771
2021-04-27T16:00:00.000Z,XBTUSD,55051,55112,54345,54809.5,31804,248648081,54811.826998953
2021-04-27T20:00:00.000Z,XBTUSD,54809.5,55487.5,54800.5,55050.5,23128,159141693,55092.0514404543
2021-04-28T00:00:00.000Z,XBTUSD,55050.5,55734,54810,54810.5,29550,219350793,55343.5268629713
2021-04-28T04:00:00.000Z,XBTUSD,54810.5,54980,53893.5,54300,36128,317316472,54443.5984496556
2021-04-28T08:00:00.000Z,XBTUSD,54300,55070.5,53980,54869.5,31243,247758873,54486.0377085463
2021-04-28T12:00:00.000Z,XBTUSD,54869.5,55300,54123,54351.5,33288,243835612,54741.732399333
2021-04-28T16:00:00.000Z,XBTUSD,54351.5,55500,54274.5,55448,26437,210200630,54806.5095409745
2021-04-28T20:00:00.000Z,XBTUSD,55448,56494,54050,54869.5,49074,565272203,55079.0157896603
2021-04-29T00:00:00.000Z,XBTUSD,54869.5,55202.5,54127,54303.5,28927,239127095,54653.2969467714
2021-04-29T04:00:00.000Z,XBTUSD,54303.5,54481.5,53534,54444,29964,272354028,54071.6673849651
2021-04-29T08:00:00.000Z,XBTUSD,54444,54750,53806.5,54348.5,32845,301643713,54386.6330370117
2021-04-29T12:00:00.000Z,XBTUSD,54348.5,54545,53329,53748.5,37305,348142293,53871.0840190611
2021-04-29T16:00:00.000Z,XBTUSD,53748.5,53800,52519,52868,38360,341146573,53028.8781141429
2021-04-29T20:00:00.000Z,XBTUSD,52868,53634,52381,53524,24455,199034369,53066.7689530378
2021-04-30T00:00:00.000Z,XBTUSD,53524,53828.5,53064,53691.5,28775,247219551,53518.3978784394
2021-04-30T04:00:00.000Z,XBTUSD,53691.5,54570.5,53691,54362.5,26848,223450188,54242.7171328567
2021-04-30T08:00:00.000Z,XBTUSD,54362.5,54847.5,54122,54282,23700,177393680,54472.5878838359
2021-04-30T12:00:00.000Z,XBTUSD,54282,57264.5,54263.5,57192,58417,645871060,55936.0542648425
2021-04-30T16:00:00.000Z,XBTUSD,57192,57390,56440,57127,31943,281462313,56913.479174422
2021-04-30T20:00:00.000Z,XBTUSD,57127,57966.5,56545,57748.5,29569,266136340,57251.520393021
2021-05-01T00:00:00.000Z,XBTUSD,57748.5,58500,57516,58247,31716,274524436,58122.0156431352
2021-05-01T04:00:00.000Z,XBTUSD,58247,58497,57720,57800,22548,187868993,58119.3302677591
2021-05-01T08:00:00.000Z,XBTUSD,57800,58036.5,57257.5,57858,26455,234783902,57668.4598633602
2021-05-01T12:00:00.000Z,XBTUSD,57858,58123,57112,57420,27031,225823850,57681.2801206566
2021-05-01T16:00:00.000Z,XBTUSD,57420,58076.5,57318,57854,21019,144247255,57685.4974487283
2021-05-01T20:00:00.000Z,XBTUSD,57854,58021.5,57368,57874.5,14653,95766185,57746.7224715696
2021-05-02T00:00:00.000Z,XBTUSD,57874.5,57980,56449,56545.5,25112,212196204,57178.6788629069
2021-05-02T04:00:00.000Z,XBTUSD,56545.5,57190.5,56265.5,56705.5,26812,230719142,56763.310929248
2021-05-02T08:00:00.000Z,XBTUSD,56705.5,57150,56095,57147,30813,246449119,56594.6440363392
2021-05-02T12:00:00.000Z,XBTUSD,57147,57325,56532,56648,23177,185905526,56881.7595515078
2021-05-02T16:00:00.000Z,XBTUSD,56648,56998,56370.5,56920,17410,114417072,56756.2393194591
2021-05-02T20:00:00.000Z,XBTUSD,56920,57193,56290,56641.5,19749,164556190,56723.0129122478
2021-05-03T00:00:00.000Z,XBTUSD,56641.5,58394.5,56609,58021.5,34250,351591030,57820.132188952
2021-05-03T04:00:00.000Z,XBTUSD,58021.5,58910.5,57790,58875,24355,211488205,58411.8396830219
2021-05-03T08:00:00.000Z,XBTUSD,58875,59032.5,58426,58733,27531,238416298,58741.2683472997
2021-05-03T12:00:00.000Z,XBTUSD,58733,58841,57368,57686.5,47192,462558919,58039.4435939648
2021-05-03T16:00:00.000Z,XBTUSD,57686.5,58200,57228.5,57579.5,32347,230845662,57754.5059817978
2021-05-03T20:00:00.000Z,XBTUSD,57579.5,57580,56507,57191.5,38298,285250599,57070.4044293975
2021-05-04T00:00:00.000Z,XBTUSD,57191.5,57206,54809.5,55452.5,68989,675084216,55734.7518714973
2021-05-04T04:00:00.000Z,XBTUSD,55452.5,56354,55233,55953,29811,262175764,55978.7406410425
2021-05-04T08:00:00.000Z,XBTUSD,55953,56613,55601.5,56163.5,40217,318132462,56146.6809112307
2021-05-04T12:00:00.000Z,XBTUSD,56163.5,56324,53604.5,53838,76452,685361422,54955.3221664191
2021-05-04T16:00:00.000Z,XBTUSD,53838,54750,53152,54563,50681,421594421,54021.6494279509
2021-05-04T20:00:00.000Z,XBTUSD,54563,54837,53064.5,53262.5,37728,250840944,54023.0352105106
2021-05-05T00:00:00.000Z,XBTUSD,53262.5,55389,52857,54839.5,53090,440453227,54546.2993845356
2021-05-05T04:00:00.000Z,XBTUSD,54839.5,55310,54013,54900,36690,263053699,54618.3698427344
2021-05-05T08:00:00.000Z,XBTUSD,54900,55845,54763.5,55150.5,39632,326035821,55360.6331175881
2021-05-05T12:00:00.000Z,XBTUSD,55150.5,57686.5,55150,57587.5,68379,646672372,56480.8552134783
2021-05-05T16:00:00.000Z,XBTUSD,57587.5,57921,57125,57219.5,37405,344726920,57538.4748557077
2021-05-05T20:00:00.000Z,XBTUSD,57219.5,57687,56730,57553.5,31814,293929450,57134.539366104
2021-05-06T00:00:00.000Z,XBTUSD,57553.5,57675,56681.5,56930,31994,262377512,57069.7928767323
2021-05-06T04:00:00.000Z,XBTUSD,56930,57615,56500,56899.5,32237,263297046,57019.0901597147
2021-05-06T08:00:00.000Z,XBTUSD,56899.5,58428.5,56866.5,58114,39815,329138942,57738.1011296419
2021-05-06T12:00:00.000Z,XBTUSD,58114,58181.5,56899,57195.5,39410,330729087,57428.6305607684
2021-05-06T16:00:00.000Z,XBTUSD,57195.5,57554,55342,56196,56327,597017852,56354.6511917964
2021-05-06T20:00:00.000Z,XBTUSD,56196,56813,55747,56417,28291,189007046,56247.7251154446
2021-05-07T00:00:00.000Z,XBTUSD,56417,57121.5,55557,55760.5,44275,355393392,56234.9086392799
2021-05-07T04:00:00.000Z,XBTUSD,55760.5,56322.5,55313,55837.5,31669,223707196,55874.5708601752
2021-05-07T08:00:00.000Z,XBTUSD,55837.5,56811,55640,56513,29801,209668228,56333.7395777163
2021-05-07T12:00:00.000Z,XBTUSD,56513,57720.5,56290,57587.5,43300,389268846,57216.3535229604
2021-05-07T16:00:00.000Z,XBTUSD,57587.5,58781.5,57258,57686.5,46371,436974328,58109.6978029184
2021-05-07T20:00:00.000Z,XBTUSD,57686.5,58151,56888,57422,30285,219209356,57493.5503542604
2021-05-08T00:00:00.000Z,XBTUSD,57422,58473,57036,58190.5,31348,249361870,57883.5129830128
2021-05-08T04:00:00.000Z,XBTUSD,58190.5,58728,57649,58599,29214,237213443,58209.1370803522
2021-05-08T08:00:00.000Z,XBTUSD,58599,59526,58479,58702.5,42267,433818593,59049.4805600048
2021-05-08T12:00:00.000Z,XBTUSD,58702.5,59548,57439,57654,48023,451361882,58661.3870641749
2021-05-08T16:00:00.000Z,XBTUSD,57654,59405.5,57654,59164.5,41228,348804192,58708.4896473825
2021-05-08T20:00:00.000Z,XBTUSD,59164.5,59646,58633.5,59000,28750,212959436,59072.4742656014
2021-05-09T00:00:00.000Z,XBTUSD,59000,59341.5,58500,58733,40070,338917020,58911.3861887011
2021-05-09T04:00:00.000Z,XBTUSD,58733,58945,57817.5,58042.5,43229,379702478,58300.38534947
2021-05-09T08:00:00.000Z,XBTUSD,58042.5,58475.5,57620,58021,34161,273982638,58086.9509565897
2021-05-09T12:00:00.000Z,XBTUSD,58021,58055.5,56350,57455,57024,525459456,57120.5961955953
2021-05-09T16:00:00.000Z,XBTUSD,57455,57921,57126.5,57325,30246,224600303,57535.3374610696
2021-05-09T20:00:00.000Z,XBTUSD,57325,58497,57258,58299.5,29858,209700725,58046.0323875389
2021-05-10T00:00:00.000Z,XBTUSD,58299.5,59598.5,58156,59489,37154,300245539,59007.4488680289
2021-05-10T04:00:00.000Z,XBTUSD,59489,59806,58431,58462.5,36475,314343852,59100.7706224701
2021-05-10T08:00:00.000Z,XBTUSD,58462.5,58700.5,57455.5,58190,67570,448798033,58127.7317745372
2021-05-10T12:00:00.000Z,XBTUSD,58190,58496,56802,58450.5,82142,611734308,57622.6491997523
2021-05-10T16:00:00.000Z,XBTUSD,58450.5,58703,55603,55779.5,72212,716030238,57206.0537651326
2021-05-10T20:00:00.000Z,XBTUSD,55779.5,56260.5,53849,55912.5,79841,881805791,55198.3965188831
2021-05-11T00:00:00.000Z,XBTUSD,55912.5,56449,54502,55149,56154,528540783,55365.559552814
2021-05-11T04:00:00.000Z,XBTUSD,55149,55850.5,54659.5,55788,43291,294778327,55367.282982985
2021-05-11T08:00:00.000Z,XBTUSD,55788,56227.5,55233,55294,38818,278007172,55738.5416890206
2021-05-11T12:00:00.000Z,XBTUSD,55294,56214,54871,56132,54287,458161080,55576.7549676842
2021-05-11T16:00:00.000Z,XBTUSD,56132,56888,55850,56700,40326,309313360,56387.352231983
2021-05-11T20:00:00.000Z,XBTUSD,56700,56900,56353.5,56764,22866,152266549,56681.6389635704
2021-05-12T00:00:00.000Z,XBTUSD,56764,57901.5,56673,57851.5,31986,256355555,57298.5101555866
2021-05-12T04:00:00.000Z,XBTUSD,57851.5,58036.5,57022,57224.5,26897,198135695,57473.2205193373
2021-05-12T08:00:00.000Z,XBTUSD,57224.5,57255.5,56067,56481,37276,321065255,56615.7831145611
2021-05-12T12:00:00.000Z,XBTUSD,56481,56940,55377,55509.5,58343,536286135,56241.3406683263
2021-05-12T16:00:00.000Z,XBTUSD,55509.5,55695,53601,54482,78719,783799938,54606.5721027748
2021-05-12T20:00:00.000Z,XBTUSD,54482,54749.5,48520,49493,114395,1471921046,51968.9328333151
2021-05-13T00:00:00.000Z,XBTUSD,49493,50780,44632.5,50468.5,105346,1369656478,48770.0140104448
2021-05-13T04:00:00.000Z,XBTUSD,50468.5,51344.5,50339.5,50887,45727,415075818,50898.5326791921
2021-05-13T08:00:00.000Z,XBTUSD,50887,50955.5,48520,49786,94126,870846074,49650.1847156586
2021-05-13T12:00:00.000Z,XBTUSD,49786,50842,49541.5,49696,61859,543682107,50170.7304464582
2021-05-13T16:00:00.000Z,XBTUSD,49696,50441.5,47048,48607,117710,1181752490,48495.5320747183
2021-05-13T20:00:00.000Z,XBTUSD,48607,49863,48430.5,49700,58016,383665050,49244.1460358731
2021-05-14T00:00:00.000Z,XBTUSD,49700,50375,49079.5,49210.5,45840,328181738,49805.2239552567
2021-05-14T04:00:00.000Z,XBTUSD,49210.5,50288.5,48887.5,50063,45396,295833308,49461.0297060173
2021-05-14T08:00:00.000Z,XBTUSD,50063,51000,49970,50619,36743,227949504,50532.4689576342
2021-05-14T12:00:00.000Z,XBTUSD,50619,51533.5,50126,51295.5,40957,262668580,50868.5922370111
2021-05-14T16:00:00.000Z,XBTUSD,51295.5,51348,50164.5,50188,33963,205518442,50716.3700162434
2021-05-14T20:00:00.000Z,XBTUSD,50188,50339,49087.5,49888,35429,221823334,49760.5055483215
2021-05-15T00:00:00.000Z,XBTUSD,49888,50671.5,49321.5,49675.5,40651,273362263,50047.6469958845
2021-05-15T04:00:00.000Z,XBTUSD,49675.5,49870,48437.5,48485,51513,381353056,49157.5632809333
2021-05-15T08:00:00.000Z,XBTUSD,48485,49300.5,47832.5,48960,60818,452385579,48546.1418877798
2021-05-15T12:00:00.000Z,XBTUSD,48960,49566.5,48697,49020,45570,278010747,49175.7933806998
2021-05-15T16:00:00.000Z,XBTUSD,49020,49051.5,46901,48101,72675,560249967,47819.0359847326
2021-05-15T20:00:00.000Z,XBTUSD,48101,48748.5,46563.5,46757,54614,374109146,47658.8715067399
2021-05-16T00:00:00.000Z,XBTUSD,46757,48442,46464,48437.5,52332,406911681,47630.7179372485
2021-05-16T04:00:00.000Z,XBTUSD,48437.5,49468.5,48100,49421,38667,301777464,48820.4249651217
2021-05-16T08:00:00.000Z,XBTUSD,49421,49788.5,48698.5,49043.5,31661,228389426,49252.5253538558
2021-05-16T12:00:00.000Z,XBTUSD,49043.5,49273.5,47698.5,47790,43394,323249900,48491.4857075328
2021-05-16T16:00:00.000Z,XBTUSD,47790,48091.5,44406,45548,121886,1211253494,46342.7612071309
2021-05-16T20:00:00.000Z,XBTUSD,45548,46479.5,43868,46436,86016,737845661,45142.45956914
2021-05-17T00:00:00.000Z,XBTUSD,46436,46653,42836,42904,77021,779241361,44404.7305932878
2021-05-17T04:00:00.000Z,XBTUSD,42904,45290.5,42222,45177.5,102900,982944054,43694.7020647445
2021-05-17T08:00:00.000Z,XBTUSD,45177.5,45881.5,44444,45798.5,58717,465655444,45213.012004532
2021-05-17T12:00:00.000Z,XBTUSD,45798.5,45861.5,43200,43375,69540,645967358,44497.0704611245
2021-05-17T16:00:00.000Z,XBTUSD,43375,44375.5,42134,44211,88447,737885249,43158.6266388864
2021-05-17T20:00:00.000Z,XBTUSD,44211,44996.5,42543.5,43582,67335,569413016,43678.8301212696
2021-05-18T00:00:00.000Z,XBTUSD,43582,45301,43204,44792.5,54805,401438450,44614.7240092917
2021-05-18T04:00:00.000Z,XBTUSD,44792.5,45798.5,44744.5,45159,44106,294623418,45259.689985787
2021-05-18T08:00:00.000Z,XBTUSD,45159,45673,44655.5,45341,41982,271472495,45166.759024263
2021-05-18T12:00:00.000Z,XBTUSD,45341,45359.5,42689,43001,87144,834774469,43660.9654992932
2021-05-18T16:00:00.000Z,XBTUSD,43001,43831,42386.5,43280,78770,559518831,43103.511383541
2021-05-18T20:00:00.000Z,XBTUSD,43280,43563,42250,42854.5,53612,355568341,42949.336831248
2021-05-19T00:00:00.000Z,XBTUSD,42854.5,43596,40051,40609.5,96538,1027259686,41458.5046607314
2021-05-19T04:00:00.000Z,XBTUSD,40609.5,40875,38500.5,40363.5,111630,1193651463,39518.1228671078
2021-05-19T08:00:00.000Z,XBTUSD,40363.5,40788,35821.5,38677.5,111007,1072065242,38743.1208580497
2021-05-19T12:00:00.000Z,XBTUSD,38677.5,39148,28157,37250.5,274152,2970945402,34865.8334707418
2021-05-19T16:00:00.000Z,XBTUSD,37250.5,40420,36200,39346.5,146997,1644722301,38852.2655884626
2021-05-19T20:00:00.000Z,XBTUSD,39346.5,40233,36771,36811,97339,717220339,38678.0293724793
2021-05-20T00:00:00.000Z,XBTUSD,36811,38624,34873,38460,121052,827103215,37105.1614420218
2021-05-20T04:00:00.000Z,XBTUSD,38460,40823,38250,39978,63503,465031593,39751.3635157521
2021-05-20T08:00:00.000Z,XBTUSD,39978,40724.5,38820,40510,54373,375856100,39864.2025425755
2021-05-20T12:00:00.000Z,XBTUSD,40510,42444,40146,41513.5,70585,547748900,41662.5743297382
2021-05-20T16:00:00.000Z,XBTUSD,41513.5,41537,38255,40177,105111,874991945,39701.3957210332
2021-05-20T20:00:00.000Z,XBTUSD,40177,41882,39564.5,40620.5,55904,363020918,40665.7413081726
2021-05-21T00:00:00.000Z,XBTUSD,40620.5,42327,40540,40782,48040,334660735,41429.3167920726
2021-05-21T04:00:00.000Z,XBTUSD,40782,40837,39315.5,39892,51485,364668124,40022.8312401057
2021-05-21T08:00:00.000Z,XBTUSD,39892,41264.5,39346.5,41178,54892,355716080,40459.6329659682
2021-05-21T12:00:00.000Z,XBTUSD,41178,41749.5,36428.5,36862,129603,1091842116,38865.5248194186
2021-05-21T16:00:00.000Z,XBTUSD,36862,37814.5,35538,36069,87708,632008504,36749.5988706471
2021-05-21T20:00:00.000Z,XBTUSD,36069,37457.5,33460,37301,87093,567410533,35760.0535685329
2021-05-22T00:00:00.000Z,XBTUSD,37301,38102,36577,36949,49613,359568427,37380.2891844389
2021-05-22T04:00:00.000Z,XBTUSD,36949,37223.5,35244,36340,62050,340567098,36213.2552055498
2021-05-22T08:00:00.000Z,XBTUSD,36340,38885,36317,38204,56229,382039960,37494.7316817546
2021-05-22T12:00:00.000Z,XBTUSD,38204,38863.5,37123,38175.5,61258,349895349,38148.3690214749
2021-05-22T16:00:00.000Z,XBTUSD,38175.5,38619,37190,37306.5,53153,233982360,37949.4704759422
2021-05-22T20:00:00.000Z,XBTUSD,37306.5,38380.5,37246,37446.5,40036,214450115,37783.7467065653
2021-05-23T00:00:00.000Z,XBTUSD,37446.5,38270.5,36653,37435.5,36633,206583445,37549.7492640815
2021-05-23T04:00:00.000Z,XBTUSD,37435.5,37436,35532.5,35887.5,47360,262585093,36584.9260145299
2021-05-23T08:00:00.000Z,XBTUSD,35887.5,35913.5,33833,35414.5,96750,631632667,34906.9169935968
2021-05-23T12:00:00.000Z,XBTUSD,35414.5,35851,32609.5,33328,122311,763264094,33787.0057035946
2021-05-23T16:00:00.000Z,XBTUSD,33328,33962,31100,33108.5,130275,754486312,32623.090656145
2021-05-23T20:00:00.000Z,XBTUSD,33108.5,35008,33107,34711,51487,264012460,34136.1913996981
2021-05-24T00:00:00.000Z,XBTUSD,34711,35975,34704,35309.5,49736,241473013,35357.8057027312
2021-05-24T04:00:00.000Z,XBTUSD,35309.5,36924,34453,36680,46710,240937777,35696.7440180749
2021-05-24T08:00:00.000Z,XBTUSD,36680,37935.5,35954.5,37642.5,54320,367526755,36803.4626427101
2021-05-24T12:00:00.000Z,XBTUSD,37642.5,38700,37348,37573,61376,440709461,37894.8465844774
2021-05-24T16:00:00.000Z,XBTUSD,37573,39779.5,36910,39611.5,68606,429885529,38308.4954980342
2021-05-24T20:00:00.000Z,XBTUSD,39611.5,39920,38038,38842.5,50564,270497140,38877.3698719095
2021-05-25T00:00:00.000Z,XBTUSD,38842.5,39810,37871.5,38365.5,52810,328819774,38796.008718772
2021-05-25T04:00:00.000Z,XBTUSD,38365.5,39220,37699,39009.5,50675,311114673,38494.6633691913
2021-05-25T08:00:00.000Z,XBTUSD,39009.5,39143.5,36570.5,36596.5,71183,488768567,37569.7552125383
2021-05-25T12:00:00.000Z,XBTUSD,36596.5,38511,36511,38306.5,77837,460470504,37563.7969041635
2021-05-25T16:00:00.000Z,XBTUSD,38306.5,38322,37160,37306.5,49627,234155400,37842.0965244955
2021-05-25T20:00:00.000Z,XBTUSD,37306.5,38789.5,37293,38379.5,39479,215349435,38011.9580919118
2021-05-26T00:00:00.000Z,XBTUSD,38379.5,39719.5,37784,39549.5,47343,298492227,38881.4096530285
2021-05-26T04:00:00.000Z,XBTUSD,39549.5,40880,39060,40500,44663,316579746,40052.6809614567
2021-05-26T08:00:00.000Z,XBTUSD,40500,40891.5,39431.5,39880.5,53401,332319413,40032.3704695777
2021-05-26T12:00:00.000Z,XBTUSD,39880.5,40362.5,38538,38796.5,60112,401908396,39299.3487728839
2021-05-26T16:00:00.000Z,XBTUSD,38796.5,39362.5,37927,38483.5,61882,392960449,38568.6992782703
2021-05-26T20:00:00.000Z,XBTUSD,38483.5,39456,38321.5,39254.5,29384,150533509,38913.9755620272
2021-05-27T00:00:00.000Z,XBTUSD,39254.5,39254.5,37143.5,37643.5,52662,291267377,37992.756706623
2021-05-27T04:00:00.000Z,XBTUSD,37643.5,38419,37250.5,38292.5,38429,190745120,37870.537323241
2021-05-27T08:00:00.000Z,XBTUSD,38292.5,39890.5,37786.5,39753.5,51629,318643784,39119.5946048818
2021-05-27T12:00:00.000Z,XBTUSD,39753.5,40444,39328,39706.5,52312,350792057,39889.0733420417
2021-05-27T16:00:00.000Z,XBTUSD,39706.5,39746.5,38543,38807.5,42309,258143549,39016.5769866627
2021-05-27T20:00:00.000Z,XBTUSD,38807.5,39190.5,38214,38513,40935,221712339,38712.0912909295
2021-05-28T00:00:00.000Z,XBTUSD,38513,38952,37729.5,38248.5,46088,297571774,38181.4551203967
2021-05-28T04:00:00.000Z,XBTUSD,38248.5,38248,36466,36975,62951,416774910,37096.0260893045
2021-05-28T08:00:00.000Z,XBTUSD,36975,37251,35145.5,35422,80954,542303139,35935.8472096092
2021-05-28T12:00:00.000Z,XBTUSD,35422,37265,35172.5,36749,66775,431345941,36630.9990722371
2021-05-28T16:00:00.000Z,XBTUSD,36749,36853,35563.5,35761.5,66496,359203087,36063.6863454143
2021-05-28T20:00:00.000Z,XBTUSD,35761.5,36224,34710.5,35689.5,64775,352328331,35336.9333692583
2021-05-29T00:00:00.000Z,XBTUSD,35689.5,36770,35668,36490,42492,255592087,36255.4946597558
2021-05-29T04:00:00.000Z,XBTUSD,36490,37348.5,35640,36185.5,49842,322478644,36542.3709380666
2021-05-29T08:00:00.000Z,XBTUSD,36185.5,36350,34542,35394,64111,317860360,35393.3750905862
2021-05-29T12:00:00.000Z,XBTUSD,35394,35394.5,33900,34423,83744,476505797,34627.050320232
2021-05-29T16:00:00.000Z,XBTUSD,34423,35040,33650,34031,61650,299582999,34149.4500318054
2021-05-29T20:00:00.000Z,XBTUSD,34031,35077,33770.5,34587,46610,204187927,34446.3490738043
2021-05-30T00:00:00.000Z,XBTUSD,34587,34969.5,33390.5,34784,50979,236301795,34043.0369738418
2021-05-30T04:00:00.000Z,XBTUSD,34784,36200,34670.5,36002,49679,252675985,35482.9143509736
2021-05-30T08:00:00.000Z,XBTUSD,36002,36434.5,35600,36369,35274,175891466,35941.3772887769
2021-05-30T12:00:00.000Z,XBTUSD,36369,36549,35155,35517,44830,199475728,35635.9146001602
2021-05-30T16:00:00.000Z,XBTUSD,35517,36300,35341.5,36069,33446,139042792,35898.4968332514
2021-05-30T20:00:00.000Z,XBTUSD,36069,36339.5,35505,35670,27927,115706123,35917.9061560724
2021-05-31T00:00:00.000Z,XBTUSD,35670,36017,34262,34489,48104,270402432,35000.2356532708
2021-05-31T04:00:00.000Z,XBTUSD,34489,35989.5,34168.5,35862,46456,286025228,34965.6567268779
2021-05-31T08:00:00.000Z,XBTUSD,35862,37189.5,35620,36839.5,54585,351613383,36512.6962527878
2021-05-31T12:00:00.000Z,XBTUSD,36839.5,37252,36363,36975.5,49583,343882183,36835.7251423828
2021-05-31T16:00:00.000Z,XBTUSD,36975.5,37440,36561.5,36860,35781,232144198,36996.0174026475
2021-05-31T20:00:00.000Z,XBTUSD,36860,37488.5,36580,37265,24982,147225883,37038.0157335385
2021-06-01T00:00:00.000Z,XBTUSD,37265,37935,36437,36703.5,35833,271064844,37204.090779089
2021-06-01T04:00:00.000Z,XBTUSD,36703.5,37387,36586.5,36811.5,32957,211480588,36959.2232077591
2021-06-01T08:00:00.000Z,XBTUSD,36811.5,36898.5,35913,36583.5,39902,265596884,36298.7699258413
2021-06-01T12:00:00.000Z,XBTUSD,36583.5,37414.5,35695,36199.5,63406,483924819,36622.5936528051
2021-06-01T16:00:00.000Z,XBTUSD,36199.5,36463.5,35707.5,35939,38427,208838468,36077.1293536187
2021-06-01T20:00:00.000Z,XBTUSD,35939,36777,35862,36677,27066,116721653,36327.0523943208
2021-06-02T00:00:00.000Z,XBTUSD,36677,36878.5,35922,36453,31502,176271833,36393.4482623479
2021-06-02T04:00:00.000Z,XBTUSD,36453,37398,36453,37223.5,33694,231772551,36891.4614600912
2021-06-02T08:00:00.000Z,XBTUSD,37223.5,37530.5,36888,37200,34100,243102868,37172.2448136503
2021-06-02T12:00:00.000Z,XBTUSD,37200,38199,37071,38016,40112,275343009,37722.5261009388
2021-06-02T16:00:00.000Z,XBTUSD,38016,38186,37685.5,37863.5,26560,183180253,37922.726750218
2021-06-02T20:00:00.000Z,XBTUSD,37863.5,37915,37340,37534.5,23177,144161959,37654.1785608781
2021-06-03T00:00:00.000Z,XBTUSD,37534.5,37829,37160.5,37587,28802,209859008,37415.6150147776
2021-06-03T04:00:00.000Z,XBTUSD,37587,39024.5,37572.5,38624.5,42174,368610884,38479.7064464897
2021-06-03T08:00:00.000Z,XBTUSD,38624.5,39430,38540,38777,34766,256770559,39058.7656092565
2021-06-03T12:00:00.000Z,XBTUSD,38777,39233,38355,38557.5,38836,261077117,38689.7667895167
2021-06-03T16:00:00.000Z,XBTUSD,38557.5,38956.5,38441,38577.5,24124,154150562,38715.4554811782
2021-06-03T20:00:00.000Z,XBTUSD,38577.5,39200,38506.5,39180,24061,139563775,38886.2221428616
2021-06-04T00:00:00.000Z,XBTUSD,39180,39222,37338,37934,51066,407155451,38029.254438967
2021-06-04T04:00:00.000Z,XBTUSD,37934,37934.5,36313,36596.5,53965,379181985,36917.4928747086
2021-06-04T08:00:00.000Z,XBTUSD,36596.5,37000,36250,36568,39421,268186629,36651.4114374834
2021-06-04T12:00:00.000Z,XBTUSD,36568,37100,35583,36920.5,71016,711178910,36382.8031675814
2021-06-04T16:00:00.000Z,XBTUSD,36920.5,37209.5,36730.5,36796,26795,190012369,36982.46130837
2021-06-04T20:00:00.000Z,XBTUSD,36796,37248.5,36489.5,36840.5,28201,195214358,36966.3945459556
2021-06-05T00:00:00.000Z,XBTUSD,36840.5,37830,36635.5,37432.5,30401,217015403,37453.3099782304
2021-06-05T04:00:00.000Z,XBTUSD,37432.5,37921,37429,37601,24722,171604803,37712.5557681983
2021-06-05T08:00:00.000Z,XBTUSD,37601,37885.5,35680,35887.5,57838,504751022,36550.4306225774
2021-06-05T12:00:00.000Z,XBTUSD,35887.5,36434.5,35267,36314,57968,555777346,35815.5350462537
2021-06-05T16:00:00.000Z,XBTUSD,36314,36317.5,35707.5,35758.5,26371,189978254,36070.8371575275
2021-06-05T20:00:00.000Z,XBTUSD,35758.5,35990,34811,35500,41515,271368123,35367.4144226853
2021-06-06T00:00:00.000Z,XBTUSD,35500,36306,35404,36004,27597,156373920,35922.1032959909
2021-06-06T04:00:00.000Z,XBTUSD,36004,36450,35734.5,36147.5,22928,136971531,36062.9924640338
2021-06-06T08:00:00.000Z,XBTUSD,36147.5,36422.5,35823,35916.5,23547,132616390,36104.2436025175
2021-06-06T12:00:00.000Z,XBTUSD,35916.5,36420,35456.5,36172.5,31233,211392798,35909.9840235042
2021-06-06T16:00:00.000Z,XBTUSD,36172.5,36300,35707.5,35733.5,16314,97253783,36001.9183516184
2021-06-06T20:00:00.000Z,XBTUSD,35733.5,35988,35235,35780.5,29583,192338647,35666.4396579265
2021-06-07T00:00:00.000Z,XBTUSD,35780.5,36806,35503.5,36350,33326,266642366,36306.3701711615
2021-06-07T04:00:00.000Z,XBTUSD,36350,36499,35850,36122.5,22079,132284888,36205.8302070399
2021-06-07T08:00:00.000Z,XBTUSD,36122.5,36597,35900,36383,26072,173022105,36300.7416398008
2021-06-07T12:00:00.000Z,XBTUSD,36383,36799,35874,36004,34631,256084495,36298.2624313393
2021-06-07T16:00:00.000Z,XBTUSD,36004,36050,35303,35600,33881,249343221,35626.3155364882
2021-06-07T20:00:00.000Z,XBTUSD,35600,35677.5,33300,33538,55308,466082339,34154.3791967735
2021-06-08T00:00:00.000Z,XBTUSD,33538,34036.5,32287,32836,65739,545541380,33059.6784244739
2021-06-08T04:00:00.000Z,XBTUSD,32836,33250,32180,32970.5,33425,308521574,32798.6295638684
2021-06-08T08:00:00.000Z,XBTUSD,32970.5,33312.5,32679,33147,29754,233864300,32995.9272720052
2021-06-08T12:00:00.000Z,XBTUSD,33147,33199,31050,31735,48713,532423100,31912.682363186
2021-06-08T16:00:00.000Z,XBTUSD,31735,32985,31532.5,32856,30636,297047900,32309.7589741986
2021-06-08T20:00:00.000Z,XBTUSD,32856,33836.5,32686,33389,27002,244556200,33378.4047116112
2021-06-09T00:00:00.000Z,XBTUSD,33389,33555,32420.5,32865,28476,226408300,32906.9679170954
2021-06-09T04:00:00.000Z,XBTUSD,32865,34479.5,32540,34144.5,51637,508919600,33644.15574816
2021-06-09T08:00:00.000Z,XBTUSD,34144.5,35010,33834,34954.5,33131,243734500,34304.9729867702
2021-06-09T12:00:00.000Z,XBTUSD,34954.5,36714,34601.5,36356.5,55195,588253200,35617.6897180832
2021-06-09T16:00:00.000Z,XBTUSD,36356.5,36954,35710,36296,36016,356424700,36298.1081245994
2021-06-09T20:00:00.000Z,XBTUSD,36296,37488,36145,37369.5,24751,190034100,36849.1135925763
2021-06-10T00:00:00.000Z,XBTUSD,37369.5,37649,36784,36974.5,22579,175162700,37152.749098368
2021-06-10T04:00:00.000Z,XBTUSD,36974.5,37214.5,36557,36966.5,20129,163864400,36808.7642645049
2021-06-10T08:00:00.000Z,XBTUSD,36966.5,38450,36273,37844.5,44157,470386800,37391.5056820008
2021-06-10T12:00:00.000Z,XBTUSD,37844.5,38200,36631,36923,40613,389839900,37360.2798068249
2021-06-10T16:00:00.000Z,XBTUSD,36923,37147,36171.5,36666.5,28049,249440100,36619.2673804294
2021-06-10T20:00:00.000Z,XBTUSD,36666.5,37059.5,35810.5,36655.5,22903,179112300,36385.7618904855
2021-06-11T00:00:00.000Z,XBTUSD,36655.5,37250.5,35925.5,36775,23482,167492000,36527.993918793
2021-06-11T04:00:00.000Z,XBTUSD,36775,37370,36420,37152.5,23713,198101100,36937.7931949814
2021-06-11T08:00:00.000Z,XBTUSD,37152.5,37667.5,36925,37388,23252,195231000,37281.6460855593
2021-06-11T12:00:00.000Z,XBTUSD,37388,37600.5,36750,36834.5,24698,193348100,37219.5700815194
2021-06-11T16:00:00.000Z,XBTUSD,36834.5,37360,36523,37240,20517,183101100,36867.6233208971
2021-06-11T20:00:00.000Z,XBTUSD,37240,37522,36771,37311,20168,155208400,37153.8915806201
2021-06-12T00:00:00.000Z,XBTUSD,37311,37437,35267.5,35564,39485,398438500,36096.3102485921
2021-06-12T04:00:00.000Z,XBTUSD,35564,35699,34965,35276,27288,272822800,35302.3631239937
2021-06-12T08:00:00.000Z,XBTUSD,35276,35886.5,34600.5,35581,30656,254610700,35267.2859771029
2021-06-12T12:00:00.000Z,XBTUSD,35581,36245,35310,35388,26275,244506500,35751.120143384
2021-06-12T16:00:00.000Z,XBTUSD,35388,35963.5,35313.5,35735,13197,92766100,35681.0643599194
2021-06-12T20:00:00.000Z,XBTUSD,35735,36128,35425.5,35521,15428,103534600,35824.6593153112
2021-06-13T00:00:00.000Z,XBTUSD,35521,35910.5,34774,34866,19855,154510000,35391.7900353266
2021-06-13T04:00:00.000Z,XBTUSD,34866,35453.5,34754,35268,17246,123382300,35098.9161091113
2021-06-13T08:00:00.000Z,XBTUSD,35268,36088,35169,35899,22123,184068500,35750.5260463852
2021-06-13T12:00:00.000Z,XBTUSD,35899,36160,35664.5,36029,18187,136670700,35929.3526567021
2021-06-13T16:00:00.000Z,XBTUSD,36029,37744,35980,37657,37189,404364600,37092.3692746784
2021-06-13T20:00:00.000Z,XBTUSD,37657,39415,37635,39022.5,39305,442202000,38784.1507713803
2021-06-14T00:00:00.000Z,XBTUSD,39022.5,39815,38651,38986,27720,322559300,39181.5658555785
2021-06-14T04:00:00.000Z,XBTUSD,38986,39727,38791,39552,19293,175785800,39346.5507032787
2021-06-14T08:00:00.000Z,XBTUSD,39552,39620,38919,39155,19267,202723800,39202.0325889788
2021-06-14T12:00:00.000Z,XBTUSD,39155,40995,39055,40686,41270,452934400,40370.2737145818
2021-06-14T16:00:00.000Z,XBTUSD,40686,40732,39345.5,39691,33294,379625700,40044.2822027959
2021-06-14T20:00:00.000Z,XBTUSD,39691,40567,39615.5,40515,18090,138429500,40137.0101112948
2021-06-15T00:00:00.000Z,XBTUSD,40515,40833,39889,40397.5,20082,182026600,40324.9012287008
2021-06-15T04:00:00.000Z,XBTUSD,40397.5,40583,40069.5,40351.5,14459,107856100,40335.6567810171
2021-06-15T08:00:00.000Z,XBTUSD,40351.5,40378,39555,39836.5,25845,261972100,39951.0621233797
2021-06-15T12:00:00.000Z,XBTUSD,39836.5,40439,39671.5,40053,24277,215801600,40085.188804027
2021-06-15T16:00:00.000Z,XBTUSD,40053,41338,39768,39926.5,36536,400739700,40605.6975702133
2021-06-15T20:00:00.000Z,XBTUSD,39926.5,40327.5,39510,40149.5,17849,144680000,39968.4858466471
2021-06-16T00:00:00.000Z,XBTUSD,40149.5,40150,39585.5,40022,17841,133545000,39930.4549306115
2021-06-16T04:00:00.000Z,XBTUSD,40022,40472,39860,40108,19486,195668300,40251.9685214746
2021-06-16T08:00:00.000Z,XBTUSD,40108,40233,38850,39062.5,28683,296895000,39521.6734715117
2021-06-16T12:00:00.000Z,XBTUSD,39062.5,39480,38547,38784,26503,249539800,38982.3888981754
2021-06-16T16:00:00.000Z,XBTUSD,38784,39698,38183,38648.5,40651,463007100,38826.2221442166
2021-06-16T20:00:00.000Z,XBTUSD,38648.5,38878.5,38018,38310.5,17746,132390900,38478.7795977418
2021-06-17T00:00:00.000Z,XBTUSD,38310.5,38928,38190.5,38818,16617,139502400,38655.8902499148
2021-06-17T04:00:00.000Z,XBTUSD,38818,39374.5,38630,39202.5,17705,188912500,39083.5555582359
2021-06-17T08:00:00.000Z,XBTUSD,39202.5,39540,39072,39161,18955,164406900,39285.2214408458
2021-06-17T12:00:00.000Z,XBTUSD,39161,39171.5,38427.5,38976.5,24352,240694500,38763.1064818983
2021-06-17T16:00:00.000Z,XBTUSD,38976.5,39072.5,37500,37680,33612,306263200,38049.3364752885
2021-06-17T20:00:00.000Z,XBTUSD,37680,38144,37317.5,38050,17420,166472700,37724.7112118165
2021-06-18T00:00:00.000Z,XBTUSD,38050,38176.5,37215,37914.5,19839,196418000,37670.3037252088
2021-06-18T04:00:00.000Z,XBTUSD,37914.5,38119.5,37349.5,37689.5,17034,136523100,37726.972681514
2021-06-18T08:00:00.000Z,XBTUSD,37689.5,38036.5,37100,37830.5,28219,246085200,37639.3551486466
2021-06-18T12:00:00.000Z,XBTUSD,37830.5,37959,36320,36356.5,37224,373529100,36970.4862322862
2021-06-18T16:00:00.000Z,XBTUSD,36356.5,36726.5,35123.5,35300,34273,327275400,35902.4697846098
2021-06-18T20:00:00.000Z,XBTUSD,35300,35891.5,35191.5,35788,17521,141184300,35573.7414046648
2021-06-19T00:00:00.000Z,XBTUSD,35788,36255,34801,35077,24528,254786800,35468.9172586406
2021-06-19T04:00:00.000Z,XBTUSD,35077,35882.5,34935,35779.5,20702,182717100,35436.6031950061
2021-06-19T08:00:00.000Z,XBTUSD,35779.5,36023,35587,35954.5,17522,162232900,35812.5986745881
2021-06-19T12:00:00.000Z,XBTUSD,35954.5,36434,35572,36102.5,23976,197963200,35991.7078186086
2021-06-19T16:00:00.000Z,XBTUSD,36102.5,36186,35364.5,35944.5,17476,158945600,35737.9860831159
2021-06-19T20:00:00.000Z,XBTUSD,35944.5,36166,35389,35483.5,14448,124051300,35760.5600439642
2021-06-20T00:00:00.000Z,XBTUSD,35483.5,35788.5,35132.5,35516,16647,138616700,35468.5238997588
2021-06-20T04:00:00.000Z,XBTUSD,35516,35900,35359,35596.5,14215,119584900,35633.927330847
2021-06-20T08:00:00.000Z,XBTUSD,35596.5,35645,33655,33836.5,44330,480872100,34377.400313575
2021-06-20T12:00:00.000Z,XBTUSD,33836.5,34600,33333,34394.5,34733,356929100,33896.2823862656
2021-06-20T16:00:00.000Z,XBTUSD,34394.5,35628.5,34252.5,35464.5,20887,218177000,34907.4997318165
2021-06-20T20:00:00.000Z,XBTUSD,35464.5,36159,35353,35582,21831,199632300,35705.0831379343
2021-06-21T00:00:00.000Z,XBTUSD,35582,35747.5,34640,34671.5,20002,224487800,35194.0601940005
2021-06-21T04:00:00.000Z,XBTUSD,34671.5,34710.5,32213.5,32981,66613,699408400,33514.5757292931
2021-06-21T08:00:00.000Z,XBTUSD,32981,33565,31658,32514.5,65759,629253400,32623.8326072437
2021-06-21T12:00:00.000Z,XBTUSD,32514.5,33151.5,31942,32666.5,35642,323869900,32665.0925634842
2021-06-21T16:00:00.000Z,XBTUSD,32666.5,32944,32044.5,32550,26367,223642900,32473.9112384494
2021-06-21T20:00:00.000Z,XBTUSD,32550,32760,31086,31619,43163,377384600,31859.5734076314
2021-06-22T00:00:00.000Z,XBTUSD,31619,33264,31145,33011.5,33280,249152100,32253.3166324496
2021-06-22T04:00:00.000Z,XBTUSD,33011.5,33116,32483,32616,17697,170775200,32754.5114712037
2021-06-22T08:00:00.000Z,XBTUSD,32616,32633,30968,31200,45517,434039900,31636.9382022278
2021-06-22T12:00:00.000Z,XBTUSD,31200,31867,28803,31644.5,99968,1019817900,30179.166141219
2021-06-22T16:00:00.000Z,XBTUSD,31644.5,33294,31575,32398,51073,479237800,32382.7245909328
2021-06-22T20:00:00.000Z,XBTUSD,32398,32960,32136,32519.5,21325,136311700,32504.6065150326
2021-06-23T00:00:00.000Z,XBTUSD,32519.5,34427.5,31752,34000.5,38549,308914800,33466.5214569988
2021-06-23T04:00:00.000Z,XBTUSD,34000.5,34370,33569.5,33975,22420,178208100,33992.8500475537
2021-06-23T08:00:00.000Z,XBTUSD,33975,34533.5,33659,33912.5,24810,204506200,34046.8322607897
2021-06-23T12:00:00.000Z,XBTUSD,33912.5,34800,33433,33503,34523,274656900,34026.6462609645
2021-06-23T16:00:00.000Z,XBTUSD,33503,33940,32900,32900,23860,231721400,33419.7696526231
2021-06-23T20:00:00.000Z,XBTUSD,32900,33755,32763,33654,22697,194026500,33308.6852946054
2021-06-24T00:00:00.000Z,XBTUSD,33654,33887,32337.5,32583,26426,234531200,32916.753699973
2021-06-24T04:00:00.000Z,XBTUSD,32583,33250,32307.5,32828.5,19404,164494800,32804.5796159749
2021-06-24T08:00:00.000Z,XBTUSD,32828.5,33877,32800,33837,23568,195883400,33300.3364769132
2021-06-24T12:00:00.000Z,XBTUSD,33837,34569,33754.5,33872.5,29556,242505400,34066.195330019
2021-06-24T16:00:00.000Z,XBTUSD,33872.5,35361,33775.5,34834,27310,219835600,34661.9268865304
2021-06-24T20:00:00.000Z,XBTUSD,34834,34970,34500,34637,14302,104167400,34711.7127809754
2021-06-25T00:00:00.000Z,XBTUSD,34637,35579,34250,35049.5,24517,218801200,34966.1580302188
2021-06-25T04:00:00.000Z,XBTUSD,35049.5,35075,33968.5,34271,22445,196805200,34388.9362269484
2021-06-25T08:00:00.000Z,XBTUSD,34271,34448,33226.5,33259,27496,288911500,33765.1559391102
2021-06-25T12:00:00.000Z,XBTUSD,33259,33529,32331.5,32574.5,42740,390906700,32905.0207549082
2021-06-25T16:00:00.000Z,XBTUSD,32574.5,32866,31466.5,32176,40004,372873500,32035.7373958004
2021-06-25T20:00:00.000Z,XBTUSD,32176,32337,31247.5,31562.5,25779,168368500,31768.0192244721
2021-06-26T00:00:00.000Z,XBTUSD,31562.5,32248.5,31278.5,31962.5,22839,178673100,31824.0465785525
2021-06-26T04:00:00.000Z,XBTUSD,31962.5,32719.5,30633.5,30699.5,33838,314111300,31647.6583512099
2021-06-26T08:00:00.000Z,XBTUSD,30699.5,31866,30149,31780,44219,380687700,30900.4718364573
2021-06-26T12:00:00.000Z,XBTUSD,31780,31980,30511.5,31539.5,37527,289683500,31237.7248133112
2021-06-26T16:00:00.000Z,XBTUSD,31539.5,31923,30755.5,31589,23839,186328600,31284.3210575931
2021-06-26T20:00:00.000Z,XBTUSD,31589,32250,30896,32244.5,19194,143532800,31559.8703901109
2021-06-27T00:00:00.000Z,XBTUSD,32244.5,33180,32000,33130,26771,234729600,32691.753814625
2021-06-27T04:00:00.000Z,XBTUSD,33130,33459,32790.5,33277.5,21073,173607500,33104.6294693289
2021-06-27T08:00:00.000Z,XBTUSD,33277.5,33409.5,32359,33246.5,25877,226134000,32897.3244523071
2021-06-27T12:00:00.000Z,XBTUSD,33246.5,33580,32719.5,33194,23628,194810000,33157.0109369854
2021-06-27T16:00:00.000Z,XBTUSD,33194,33382,32560,32815.5,16780,158817000,32920.8644199177
2021-06-27T20:00:00.000Z,XBTUSD,32815.5,34799,32415.5,34706,30993,304866200,33807.1541414866
2021-06-28T00:00:00.000Z,XBTUSD,34706,35027.5,34271.5,34420,19042,186503500,34582.8881219695
2021-06-28T04:00:00.000Z,XBTUSD,34420,35277,34293.5,35044,17965,160617300,34708.5922947112
2021-06-28T08:00:00.000Z,XBTUSD,35044,35155,33968,34121,23211,243111900,34412.9539491832
2021-06-28T12:00:00.000Z,XBTUSD,34121,34950,33879,34938.5,27104,226645500,34401.5109310888
2021-06-28T16:00:00.000Z,XBTUSD,34938.5,35021.5,33953,34425,22488,196105500,34440.1511191133
2021-06-28T20:00:00.000Z,XBTUSD,34425,34967,34019,34463,19402,177539500,34474.7612604476
2021-06-29T00:00:00.000Z,XBTUSD,34463,35175.5,34198.5,34565.5,23839,237677800,34673.8143221122
2021-06-29T04:00:00.000Z,XBTUSD,34565.5,35477,34533.5,34853,26635,218982600,34952.3854159586
2021-06-29T08:00:00.000Z,XBTUSD,34853,35773.5,34725,35553.5,25616,221554200,35295.856550144
2021-06-29T12:00:00.000Z,XBTUSD,35553.5,36415,35350.5,36248,29343,239514400,35982.2915095688
2021-06-29T16:00:00.000Z,XBTUSD,36248,36585,36066.5,36384,16244,108096000,36306.3690881002
2021-06-29T20:00:00.000Z,XBTUSD,36384,36476.5,35778,35920.5,15896,128042100,36091.2986920546
2021-06-30T00:00:00.000Z,XBTUSD,35920.5,36079.5,34980,35087.5,19529,200188400,35578.0277886957
2021-06-30T04:00:00.000Z,XBTUSD,35087.5,35250,34643,35206,23356,265987900,34944.9892078294
2021-06-30T08:00:00.000Z,XBTUSD,35206,35300,34394.5,34830.5,26996,261722100,34751.2617509953
2021-06-30T12:00:00.000Z,XBTUSD,34830.5,35020,34092,34193.5,23777,276623900,34510.0101401017
2021-06-30T16:00:00.000Z,XBTUSD,34193.5,34857,34042,34750,18048,178471500,34513.3236823895
2021-06-30T20:00:00.000Z,XBTUSD,34750,35170,34400,35028,20239,181090900,34837.5166881394
2021-07-01T00:00:00.000Z,XBTUSD,35028,35037,34105,34117.5,18320,191784400,34538.8745020172
2021-07-01T04:00:00.000Z,XBTUSD,34117.5,34435,33310,33335.5,24592,241648900,33782.8546139209
2021-07-01T08:00:00.000Z,XBTUSD,33335.5,33710,32988,33707.5,23002,275794000,33357.0845513536
2021-07-01T12:00:00.000Z,XBTUSD,33707.5,33874.5,33040,33410,24704,326850800,33463.7836672865
2021-07-01T16:00:00.000Z,XBTUSD,33410,33631.5,32710.5,33073,18499,146741800,33189.7529524555
2021-07-01T20:00:00.000Z,XBTUSD,33073,33646.5,33073,33507.5,12835,90653200,33408.9253744236
2021-07-02T00:00:00.000Z,XBTUSD,33507.5,33965.5,32760,32909,19936,191547200,33474.5942801956
2021-07-02T04:00:00.000Z,XBTUSD,32909,33481.5,32641,33361.5,19913,163555500,33012.0002710825
2021-07-02T08:00:00.000Z,XBTUSD,33361.5,33625.5,32760,33020,22313,199606500,33109.6964537481
2021-07-02T12:00:00.000Z,XBTUSD,33020,33707,32867,33687,23751,215108300,33349.4915928632
2021-07-02T16:00:00.000Z,XBTUSD,33687,33749,33102,33301.5,13425,100672300,33423.9886100619
2021-07-02T20:00:00.000Z,XBTUSD,33301.5,33886,33030,33790.5,12858,95211400,33522.2298204284
2021-07-03T00:00:00.000Z,XBTUSD,33790.5,33902,33257.5,33504,11654,93314600,33553.5111841019
2021-07-03T04:00:00.000Z,XBTUSD,33504,34666,33442.5,34500,19004,186622000,34023.0016783311
2021-07-03T08:00:00.000Z,XBTUSD,34500,34737.5,34410,34611.5,12638,114830700,34560.9705699608
2021-07-03T12:00:00.000Z,XBTUSD,34611.5,34800,34489,34617.5,10917,101084800,34633.8737054465
2021-07-03T16:00:00.000Z,XBTUSD,34617.5,34942.5,34492,34734.5,10774,103697100,34704.1966723863
2021-07-03T20:00:00.000Z,XBTUSD,34734.5,34875,34278.5,34668,14528,153294300,34562.6767138558
2021-07-04T00:00:00.000Z,XBTUSD,34668,34750,34360,34640.5,9541,70610900,34558.319442988
2021-07-04T04:00:00.000Z,XBTUSD,34640.5,35692.5,34615,35579.5,18321,168607900,35236.5517431117
2021-07-04T08:00:00.000Z,XBTUSD,35579.5,35664.5,35361,35529,10267,97536700,35502.574571709
2021-07-04T12:00:00.000Z,XBTUSD,35529,35550,35237.5,35478.5,10176,78834900,35403.0496037131
2021-07-04T16:00:00.000Z,XBTUSD,35478.5,35641,35370,35568.5,9634,72498200,35493.8352792239
2021-07-04T20:00:00.000Z,XBTUSD,35568.5,35945,35222,35290.5,14932,124326000,35566.5577171336
2021-07-05T00:00:00.000Z,XBTUSD,35290.5,35291,34179,34344,24713,253547300,34634.0797013009
2021-07-05T04:00:00.000Z,XBTUSD,34344,34389,34000,34230.5,17451,173488700,34205.0331235903
2021-07-05T08:00:00.000Z,XBTUSD,34230.5,34520,33255.5,33341.5,22099,211439700,33931.2063947239
2021-07-05T12:00:00.000Z,XBTUSD,33341.5,33750,33212,33578,18068,174651300,33561.0459207645
2021-07-05T16:00:00.000Z,XBTUSD,33578,34304,33017,34109.5,20294,210798600,33803.7443074321
2021-07-05T20:00:00.000Z,XBTUSD,34109.5,34185.5,33693.5,33712,14524,111318500,33998.8865552715
2021-07-06T00:00:00.000Z,XBTUSD,33712,34173.5,33638.5,33910,12548,88187100,33924.4923442541
2021-07-06T04:00:00.000Z,XBTUSD,33910,34934.5,33909.5,34875,19492,191418400,34608.3445971061
2021-07-06T08:00:00.000Z,XBTUSD,34875,35101,33735,34052.5,29191,281244700,34262.1311336564
2021-07-06T12:00:00.000Z,XBTUSD,34052.5,34475,33488,34036.5,28774,252707500,34050.0874599192
2021-07-06T16:00:00.000Z,XBTUSD,34036.5,34149,33519.5,33971.5,18794,177990100,33858.986274767
2021-07-06T20:00:00.000Z,XBTUSD,33971.5,34343,33630,34213.5,12833,104413900,33962.4071792601
2021-07-07T00:00:00.000Z,XBTUSD,34213.5,34553,33943.5,34471,13791,116913200,34232.9679257141
2021-07-07T04:00:00.000Z,XBTUSD,34471,34937,34400.5,34742.5,21056,190495700,34761.1146761914
2021-07-07T08:00:00.000Z,XBTUSD,34742.5,35031,34490,34856.5,18932,159290000,34796.2815992092
2021-07-07T12:00:00.000Z,XBTUSD,34856.5,35080,34502,34542.5,16491,131192200,34753.4054928471
2021-07-07T16:00:00.000Z,XBTUSD,34542.5,34769,34425,34609.5,12087,94673100,34596.3888557939
2021-07-07T20:00:00.000Z,XBTUSD,34609.5,34609,33755,33836,20248,193248400,34110.4031440056
2021-07-08T00:00:00.000Z,XBTUSD,33836,33900,33040.5,33295,26382,274611200,33347.2182945931
2021-07-08T04:00:00.000Z,XBTUSD,33295,33498,32233.5,32471,29259,284334800,32987.865295931
2021-07-08T08:00:00.000Z,XBTUSD,32471,32740,32130,32708,21690,196454900,32464.02282903
2021-07-08T12:00:00.000Z,XBTUSD,32708,32970,32354,32898.5,19265,138982500,32670.3027588245
2021-07-08T16:00:00.000Z,XBTUSD,32898.5,33163,32653,32994.5,13435,105400000,32893.4805291905
2021-07-08T20:00:00.000Z,XBTUSD,32994.5,33059,32520,32855,13381,100988100,32769.5307114265
2021-07-09T00:00:00.000Z,XBTUSD,32855,33088,32255,32949.5,21175,176969400,32722.6366413477
2021-07-09T04:00:00.000Z,XBTUSD,32949.5,33329,32732,32874.5,14380,103006000,33017.3070900862
2021-07-09T08:00:00.000Z,XBTUSD,32874.5,33038.5,32607,32760,12894,83552800,32831.1581386165
2021-07-09T12:00:00.000Z,XBTUSD,32760,33688,32631,33528,20690,157088900,33308.1405547351
2021-07-09T16:00:00.000Z,XBTUSD,33528,33696,33280,33434,10147,91596900,33477.9799623618
2021-07-09T20:00:00.000Z,XBTUSD,33434,34093,33390.5,33813,12495,95949600,33819.2884472475
2021-07-10T00:00:00.000Z,XBTUSD,33813,34240.5,33653,33787.5,14960,132451400,33900.6942351736
2021-07-10T04:00:00.000Z,XBTUSD,33787.5,33896,33500,33769.5,12203,120859900,33695.6195461359
2021-07-10T08:00:00.000Z,XBTUSD,33769.5,33949,33578,33779,11443,88676000,33747.2407188519
2021-07-10T12:00:00.000Z,XBTUSD,33779,33920,33632.5,33866.5,10269,77611100,33781.116037779
2021-07-10T16:00:00.000Z,XBTUSD,33866.5,34169,33197.5,33390,18442,147204000,33592.5098110148
2021-07-10T20:00:00.000Z,XBTUSD,33390,33684.5,33030.5,33500,10452,92753000,33380.8511470374
2021-07-11T00:00:00.000Z,XBTUSD,33500,33798,33393,33434,11231,90257600,33616.3341741406
2021-07-11T04:00:00.000Z,XBTUSD,33434,33639.5,33333,33480,11478,83355600,33487.7354352146
2021-07-11T08:00:00.000Z,XBTUSD,33480,33887.5,33415.5,33817,14493,124921900,33706.5902702187
2021-07-11T12:00:00.000Z,XBTUSD,33817,33998,33678,33950.5,14120,98812900,33855.092918593
2021-07-11T16:00:00.000Z,XBTUSD,33950.5,34121,33781,33893,11669,81052600,33943.0890747584
2021-07-11T20:00:00.000Z,XBTUSD,33893,34633,33740,34256,17930,142550800,34336.0693396357
2021-07-12T00:00:00.000Z,XBTUSD,34256,34499.5,34048,34451,12830,103468600,34229.0011923431
2021-07-12T04:00:00.000Z,XBTUSD,34451,34669.5,34164,34271.5,13835,110893900,34343.7251141086
2021-07-12T08:00:00.000Z,XBTUSD,34271.5,34463.5,33517.5,33517.5,21558,197445200,33918.9698171762
2021-07-12T12:00:00.000Z,XBTUSD,33517.5,33612.5,33303,33345,17200,140225200,33453.4614626889
2021-07-12T16:00:00.000Z,XBTUSD,33345,33409,32642,32800.5,23143,190688100,33056.8958038365
2021-07-12T20:00:00.000Z,XBTUSD,32800.5,33248,32643,33080,18550,203791100,32936.9700910323
2021-07-13T00:00:00.000Z,XBTUSD,33080,33185.5,32820,33064,10910,76850500,33038.8388813369
2021-07-13T04:00:00.000Z,XBTUSD,33064,33331,32752.5,33184.5,16303,133539600,33002.3012422484
2021-07-13T08:00:00.000Z,XBTUSD,33184.5,33331,32940,33042,14153,107273600,33161.3374770201
2021-07-13T12:00:00.000Z,XBTUSD,33042,33039.5,32254,32771,25406,216737200,32562.9489552719
2021-07-13T16:00:00.000Z,XBTUSD,32771,32930,32200,32288.5,17315,149719300,32533.1513231362
2021-07-13T20:00:00.000Z,XBTUSD,32288.5,32732,32147.5,32712.5,12132,105713600,32484.4401398596
2021-07-14T00:00:00.000Z,XBTUSD,32712.5,32788,31610,31800,20469,168588000,32095.6193887978
2021-07-14T04:00:00.000Z,XBTUSD,31800,31993.5,31660,31914,11718,105325300,31856.1157843787
2021-07-14T08:00:00.000Z,XBTUSD,31914,32717.5,31573,32436.5,22534,187412100,32264.3964995888
2021-07-14T12:00:00.000Z,XBTUSD,32436.5,32949.5,32300,32780.5,22509,158028800,32713.5488924387
2021-07-14T16:00:00.000Z,XBTUSD,32780.5,33080,32583,32726.5,16717,115136500,32828.5724455434
2021-07-14T20:00:00.000Z,XBTUSD,32726.5,33045,32680,32806,11057,67433100,32826.7843139701
2021-07-15T00:00:00.000Z,XBTUSD,32806,33169.5,32642.5,32643,16849,94832300,32876.5065235704
2021-07-15T04:00:00.000Z,XBTUSD,32643,32669.5,32341.5,32444.5,16704,105507100,32513.5120481021
2021-07-15T08:00:00.000Z,XBTUSD,32444.5,32591,31789.5,31865.5,26341,217429000,32168.46615169
2021-07-15T12:00:00.000Z,XBTUSD,31865.5,32103,31400,31672.5,29774,228299500,31730.0724067756
2021-07-15T16:00:00.000Z,XBTUSD,31672.5,31762,31114.5,31514,23450,192414900,31391.7433928929
2021-07-15T20:00:00.000Z,XBTUSD,31514,31904.5,31510.5,31863,11346,105272600,31732.8246705886
2021-07-16T00:00:00.000Z,XBTUSD,31863,32025,31574,31928,12946,97981200,31858.2058990691
2021-07-16T04:00:00.000Z,XBTUSD,31928,32000,31565,31800,11888,92397000,31779.1509665184
2021-07-16T08:00:00.000Z,XBTUSD,31800,31800,31015,31081,21782,180285100,31349.6152974646
2021-07-16T12:00:00.000Z,XBTUSD,31081,32180,31070,32113,30917,318927200,31771.9357801652
2021-07-16T16:00:00.000Z,XBTUSD,32113,32240.5,31807.5,31912,16369,163487900,32023.5734181602
2021-07-16T20:00:00.000Z,XBTUSD,31912,31960,31334,31380,13623,96319200,31678.1554006981
2021-07-17T00:00:00.000Z,XBTUSD,31380,31609.5,31130,31288,18894,155896000,31343.1629398223
2021-07-17T04:00:00.000Z,XBTUSD,31288,31570,31190,31493,10326,83914900,31416.9797825048
2021-07-17T08:00:00.000Z,XBTUSD,31493,31930,31244.5,31384,20844,174973400,31530.4696654506
2021-07-17T12:00:00.000Z,XBTUSD,31384,31783,31345.5,31756.5,18978,145273700,31595.8785772797
2021-07-17T16:00:00.000Z,XBTUSD,31756.5,31929,31555,31854,14429,106509200,31763.6132345005
2021-07-17T20:00:00.000Z,XBTUSD,31854,31894.5,31477,31509.5,8584,68418400,31670.1947170823
2021-07-18T00:00:00.000Z,XBTUSD,31509.5,32438.5,31458,32165,21643,171687200,32084.3778954576
2021-07-18T04:00:00.000Z,XBTUSD,32165,32205.5,31668,31697.5,11158,87283000,31949.2276284107
2021-07-18T08:00:00.000Z,XBTUSD,31697.5,31835,31550,31783.5,13206,92010600,31708.788980897
2021-07-18T12:00:00.000Z,XBTUSD,31783.5,31825.5,31064,31358,21113,206856400,31408.8335261674
2021-07-18T16:00:00.000Z,XBTUSD,31358,31751.5,31282.5,31617.5,11347,76049300,31536.0438523418
2021-07-18T20:00:00.000Z,XBTUSD,31617.5,31915,31398.5,31768.5,14217,109665400,31669.6317940267
2021-07-19T00:00:00.000Z,XBTUSD,31768.5,31839,31435,31550,14201,86404200,31615.0459165501
2021-07-19T04:00:00.000Z,XBTUSD,31550,31889.5,31529,31601,15833,120960900,31725.4487577358
2021-07-19T08:00:00.000Z,XBTUSD,31601,31657.5,31154,31256.5,19988,155688800,31372.5166603938
2021-07-19T12:00:00.000Z,XBTUSD,31256.5,31344,30404.5,30656,35187,299505400,30767.0880747805
2021-07-19T16:00:00.000Z,XBTUSD,30656,30826,30520,30719.5,13274,88165100,30672.969229487
2021-07-19T20:00:00.000Z,XBTUSD,30719.5,30965.5,30688.5,30805.5,9654,56441200,30810.9263602889
2021-07-20T00:00:00.000Z,XBTUSD,30805.5,31040,29467,29594.5,33104,321779200,30041.6755401172
2021-07-20T04:00:00.000Z,XBTUSD,29594.5,29908.5,29532,29814,20668,169809800,29678.5962296044
2021-07-20T08:00:00.000Z,XBTUSD,29814,29867,29277,29699.5,25768,295468400,29602.0268575154
2021-07-20T12:00:00.000Z,XBTUSD,29699.5,29978.5,29211.5,29883.5,25055,205316600,29650.2480958471
2021-07-20T16:00:00.000Z,XBTUSD,29883.5,29962,29610,29756,12355,78662300,29739.5223276809
2021-07-20T20:00:00.000Z,XBTUSD,29756,29972,29486,29779,13188,83540500,29717.5469875611
2021-07-21T00:00:00.000Z,XBTUSD,29779,29900,29492,29847,15490,110081700,29766.212331113
2021-07-21T04:00:00.000Z,XBTUSD,29847,30937.5,29846.5,30820,22610,207700200,30565.9047950624
2021-07-21T08:00:00.000Z,XBTUSD,30820,31671,30730.5,31550,20578,217600900,31282.0481422455
2021-07-21T12:00:00.000Z,XBTUSD,31550,31950,31444,31924,18998,160938900,31691.7538241907
2021-07-21T16:00:00.000Z,XBTUSD,31924,32828.5,31614.5,31630.5,38626,398460400,32158.2696809143
2021-07-21T20:00:00.000Z,XBTUSD,31630.5,32209.5,31528,32105.5,14002,126303000,31873.1270115609
2021-07-22T00:00:00.000Z,XBTUSD,32105.5,32340.5,31779.5,31911.5,12678,87681100,32015.0077712276
2021-07-22T04:00:00.000Z,XBTUSD,31911.5,32295,31855,32120,12806,86195400,32058.7968918817
2021-07-22T08:00:00.000Z,XBTUSD,32120,32233,31709,31910,14474,127262100,31888.7942118296
2021-07-22T12:00:00.000Z,XBTUSD,31910,32594.5,31750,32508,17993,123846100,32172.0858926141
2021-07-22T16:00:00.000Z,XBTUSD,32508,32594.5,32210,32416.5,13470,146505500,32358.1037224711
2021-07-22T20:00:00.000Z,XBTUSD,32416.5,32482.5,32068.5,32298.5,9952,60811000,32258.6447493309
2021-07-23T00:00:00.000Z,XBTUSD,32298.5,32795,32220.5,32584.5,13546,115422900,32561.7688722069
2021-07-23T04:00:00.000Z,XBTUSD,32584.5,32945,32367,32458,13622,124164400,32650.7495101641
2021-07-23T08:00:00.000Z,XBTUSD,32458,32518.5,32211.5,32288,11273,93069000,32357.5759678338
2021-07-23T12:00:00.000Z,XBTUSD,32288,32584.5,32245,32318,10428,76233300,32410.4612940025
2021-07-23T16:00:00.000Z,XBTUSD,32318,32325,32005,32269.5,12970,130316100,32152.0539933123
2021-07-23T20:00:00.000Z,XBTUSD,32269.5,33599,32200.5,33599,22006,247214800,33011.309749432
2021-07-24T00:00:00.000Z,XBTUSD,33599,33750,33419.5,33642.5,18380,191073400,33580.6830471226
2021-07-24T04:00:00.000Z,XBTUSD,33642.5,33921.5,33580.5,33823.5,15160,169748300,33739.4955280495
2021-07-24T08:00:00.000Z,XBTUSD,33823.5,34031,33566,33867,14537,135907100,33790.5933789055
2021-07-24T12:00:00.000Z,XBTUSD,33867,34029.5,33755,33878.5,9680,82806000,33863.4140159005
2021-07-24T16:00:00.000Z,XBTUSD,33878.5,34515,33725,33862,22213,203189100,34245.110404403
2021-07-24T20:00:00.000Z,XBTUSD,33862,34260,33682,34253.5,13200,126984600,33960.0154824531
2021-07-25T00:00:00.000Z,XBTUSD,34253.5,34420,33875,34197,15785,120748200,34141.5011711208
2021-07-25T04:00:00.000Z,XBTUSD,34197,34792,34100,34719.5,17878,132336900,34496.8974556935
2021-07-25T08:00:00.000Z,XBTUSD,34719.5,34800,34277.5,34399.5,14158,99203200,34503.0851377681
2021-07-25T12:00:00.000Z,XBTUSD,34399.5,34400,33893,34182.5,19241,188692800,34134.023684822
2021-07-25T16:00:00.000Z,XBTUSD,34182.5,34590,34107,34375,14948,131336100,34365.615095469
2021-07-25T20:00:00.000Z,XBTUSD,34375,35433,34320.5,35392,18440,189317500,34927.0853319462
2021-07-26T00:00:00.000Z,XBTUSD,35392,39908,35266.5,38302,61539,868983900,37813.2834706851
2021-07-26T04:00:00.000Z,XBTUSD,38302,39290,37812.5,38162,33636,470762800,38551.0695857458
2021-07-26T08:00:00.000Z,XBTUSD,38162,38707.5,37720,38464.5,23881,303251500,38238.6938450267
2021-07-26T12:00:00.000Z,XBTUSD,38464.5,38931,37903,38560.5,28871,351079400,38414.988245566
2021-07-26T16:00:00.000Z,XBTUSD,38560.5,40540.5,38482,39360.5,43052,475865100,39471.7301591339
2021-07-26T20:00:00.000Z,XBTUSD,39360.5,39455.5,36750,37240,60911,670292700,37814.6453511237
2021-07-27T00:00:00.000Z,XBTUSD,37240,37490,36379,36810,30548,290023200,36901.8783815358
2021-07-27T04:00:00.000Z,XBTUSD,36810,37310,36705,37139.5,21825,181318000,37062.4501280566
2021-07-27T08:00:00.000Z,XBTUSD,37139.5,38043.5,37000,38040,24657,292286600,37515.9965185185
2021-07-27T12:00:00.000Z,XBTUSD,38040,38749.5,37717.5,38239,36661,423006800,38212.8721972645
2021-07-27T16:00:00.000Z,XBTUSD,38239,38310.5,37370,37789,23257,251659800,37818.8121849049
2021-07-27T20:00:00.000Z,XBTUSD,37789,39540,37789.5,39473.5,28285,302450200,38709.145323803
2021-07-28T00:00:00.000Z,XBTUSD,39473.5,40340,38940,39848.5,33732,437020600,39709.3629083731
2021-07-28T04:00:00.000Z,XBTUSD,39848.5,40199,39300,39884,24885,217909700,39806.4421477274
2021-07-28T08:00:00.000Z,XBTUSD,39884,40950,39336,40769.5,28846,343314100,40201.3290667973
2021-07-28T12:00:00.000Z,XBTUSD,40769.5,40864,39320,39669.5,27072,299655500,39898.9782562629
2021-07-28T16:00:00.000Z,XBTUSD,39669.5,40692,38728.5,40400,41549,565695300,39697.10907718
2021-07-28T20:00:00.000Z,XBTUSD,40400,40398,39543.5,39998,18552,146512300,39932.5875416612
2021-07-29T00:00:00.000Z,XBTUSD,39998,40302.5,39212.5,39620,19692,176717100,39675.9445270079
2021-07-29T04:00:00.000Z,XBTUSD,39620,40264,39509.5,39930.5,15202,123064300,39970.9761070646
2021-07-29T08:00:00.000Z,XBTUSD,39930.5,40677.5,39505,39797.5,26087,275814300,40093.8320718098
2021-07-29T12:00:00.000Z,XBTUSD,39797.5,40139,39473.5,39940.5,19617,175043500,39824.2434547649
2021-07-29T16:00:00.000Z,XBTUSD,39940.5,40187,39367,39649.5,17999,206148300,39708.1333653945
2021-07-29T20:00:00.000Z,XBTUSD,39649.5,40412,39472,40034.5,15077,149147300,39989.5728821809
2021-07-30T00:00:00.000Z,XBTUSD,40034.5,40240,39780.5,39970,10690,88052100,40026.0989409569
2021-07-30T04:00:00.000Z,XBTUSD,39970,40024.5,39573,39719,11631,126462900,39780.1061959099
2021-07-30T08:00:00.000Z,XBTUSD,39719,39747,38342,38651.5,34686,482689100,38755.9366475334
2021-07-30T12:00:00.000Z,XBTUSD,38651.5,39120,38600,39060.5,10236,83685600,38896.9694479765
2021-07-30T16:00:00.000Z,XBTUSD,39060.5,39887.5,38878,39880,12815,142146000,39311.6635456037
2021-07-30T20:00:00.000Z,XBTUSD,39880,42333,39741.5,42260.5,46297,531291900,41115.4363038462
2021-07-31T00:00:00.000Z,XBTUSD,42260.5,42440,41659.5,41850,17443,187222200,41972.2991747281
2021-07-31T04:00:00.000Z,XBTUSD,41850,41888.5,41246,41569.5,14329,120380700,41591.2614375022
2021-07-31T08:00:00.000Z,XBTUSD,41569.5,41970,41375,41608,14575,135540100,41712.46095313
2021-07-31T12:00:00.000Z,XBTUSD,41608,41740,41152,41537,14324,114589200,41453.4513376504
2021-07-31T16:00:00.000Z,XBTUSD,41537,41577,41050,41300,11378,90703000,41317.2817848926
2021-07-31T20:00:00.000Z,XBTUSD,41300,41998.5,41146.5,41439.5,16063,170936500,41674.7034204138
2021-08-01T00:00:00.000Z,XBTUSD,41439.5,42648,41073,42464,19141,218073600,41862.7206312759
2021-08-01T04:00:00.000Z,XBTUSD,42464,42463,41582.5,41680,16675,160683100,41890.2821173574
2021-08-01T08:00:00.000Z,XBTUSD,41680,41918,41260,41587,13630,141142600,41643.5042255223
2021-08-01T12:00:00.000Z,XBTUSD,41587,41787.5,41151,41290.5,15078,124502000,41438.7868517869
2021-08-01T16:00:00.000Z,XBTUSD,41290.5,41483.5,40605.5,41244,24179,223502700,41043.9103794452
2021-08-01T20:00:00.000Z,XBTUSD,41244,41482,39364,39810.5,29568,353379400,40334.4575731807
2021-08-02T00:00:00.000Z,XBTUSD,39810.5,40046,39205,39785.5,20030,246870900,39688.7443433849
2021-08-02T04:00:00.000Z,XBTUSD,39785.5,40432,39567,40082,13720,148154700,39978.9234596533
2021-08-02T08:00:00.000Z,XBTUSD,40082,40120,39302.5,39549.5,17753,163328300,39587.6713318713
2021-08-02T12:00:00.000Z,XBTUSD,39549.5,39800.5,38920,39685,22262,258083000,39366.5827953523
2021-08-02T16:00:00.000Z,XBTUSD,39685,39927,38989.5,39159.5,17149,185597300,39505.3034035847
2021-08-02T20:00:00.000Z,XBTUSD,39159.5,39518.5,38683.5,39151,18584,185883200,39127.1655370263
2021-08-03T00:00:00.000Z,XBTUSD,39151,39810,38472,38640,23829,272964500,39032.7984030437
2021-08-03T04:00:00.000Z,XBTUSD,38640,38813.5,37943,38576,19995,214222600,38327.5104229761
2021-08-03T08:00:00.000Z,XBTUSD,38576,38811,38291.5,38493.5,16075,188302700,38545.3818505768
2021-08-03T12:00:00.000Z,XBTUSD,38493.5,38700,37668,38174.5,27960,369379900,38184.5995941266
2021-08-03T16:00:00.000Z,XBTUSD,38174.5,38520,37470,38014,17677,206869200,38089.3064450352
2021-08-03T20:00:00.000Z,XBTUSD,38014,38618,37863,38173.5,12078,108404300,38246.8505571938
2021-08-04T00:00:00.000Z,XBTUSD,38173.5,38545.5,37847,37935,12487,122257800,38190.4823413806
2021-08-04T04:00:00.000Z,XBTUSD,37935,38180,37653,37800,12918,107551400,37917.5204028167
2021-08-04T08:00:00.000Z,XBTUSD,37800,38239.5,37412.5,38139.5,15679,121086000,37832.3421608271
2021-08-04T12:00:00.000Z,XBTUSD,38139.5,39456,38139.5,39280,25013,257660500,38932.2153855868
2021-08-04T16:00:00.000Z,XBTUSD,39280,39866.5,39232.5,39740.5,18324,213254400,39548.9737857568
2021-08-04T20:00:00.000Z,XBTUSD,39740.5,39950,39512,39747,12574,130667500,39770.5644276245
2021-08-05T00:00:00.000Z,XBTUSD,39747,39815,39170,39429.5,14377,179984200,39440.0611061023
2021-08-05T04:00:00.000Z,XBTUSD,39429.5,39520,38727.5,38843.5,14585,135500700,39083.1732705359
2021-08-05T08:00:00.000Z,XBTUSD,38843.5,38916,37805,37955.5,26281,272415400,38195.7877436167
2021-08-05T12:00:00.000Z,XBTUSD,37955.5,39370.5,37240,38740.5,43559,501409300,38345.5594828149
2021-08-05T16:00:00.000Z,XBTUSD,38740.5,41365,38740,40710,44140,555603100,40254.0079274855
2021-08-05T20:00:00.000Z,XBTUSD,40710,41299.5,40700,40905.5,15924,144582500,40957.303187375
2021-08-06T00:00:00.000Z,XBTUSD,40905.5,41056,39951,40262,20985,231518600,40398.7558879153
2021-08-06T04:00:00.000Z,XBTUSD,40262,41205,39897,40723.5,23155,222520400,40545.7683075942
2021-08-06T08:00:00.000Z,XBTUSD,40723.5,41112.5,40399.5,40506.5,17364,152100500,40710.9585569203
2021-08-06T12:00:00.000Z,XBTUSD,40506.5,42497.5,40302.5,42221.5,32657,293453600,41308.5757101594
2021-08-06T16:00:00.000Z,XBTUSD,42221.5,43395,42221,42937,37153,465230300,42776.0248754169
2021-08-06T20:00:00.000Z,XBTUSD,42937,42992,42450.5,42831,12933,128086800,42737.4455229644
2021-08-07T00:00:00.000Z,XBTUSD,42831,43774,42596,43670.5,21413,210073600,43160.7100187243
2021-08-07T04:00:00.000Z,XBTUSD,43670.5,43922.5,43053.5,43219.5,19252,217602800,43438.3162834993
2021-08-07T08:00:00.000Z,XBTUSD,43219.5,44040,43120,43834.5,17978,190000900,43634.643827952
2021-08-07T12:00:00.000Z,XBTUSD,43834.5,44639,43147,43385,35519,412813400,43819.0893380779
2021-08-07T16:00:00.000Z,XBTUSD,43385,44066,42526,43984,25505,275820700,43282.3664449814
2021-08-07T20:00:00.000Z,XBTUSD,43984,44750,43515.5,44624,21522,208408100,44115.7465150612
2021-08-08T00:00:00.000Z,XBTUSD,44624,44828,43837.5,44359,20295,233099700,44349.7521586426
2021-08-08T04:00:00.000Z,XBTUSD,44359,45339,44230,44860,22695,226296200,44918.5708091438
2021-08-08T08:00:00.000Z,XBTUSD,44860,45050,44099.5,44497,19780,193208400,44568.2011726748
2021-08-08T12:00:00.000Z,XBTUSD,44497,45231,43817.5,44000.5,26544,274604800,44381.7766574058
2021-08-08T16:00:00.000Z,XBTUSD,44000.5,44419.5,43302,43749.5,22848,273841700,43792.0159382461
2021-08-08T20:00:00.000Z,XBTUSD,43749.5,44591,43597,43834,22657,202552000,44090.4077275194
2021-08-09T00:00:00.000Z,XBTUSD,43834,43970,42831,43510,20389,219911100,43266.0422007972
2021-08-09T04:00:00.000Z,XBTUSD,43510,43853.5,43278.5,43820,13449,126873900,43558.7419468593
2021-08-09T08:00:00.000Z,XBTUSD,43820,46088.5,43629,45949.5,41052,534240500,45062.4920365475
2021-08-09T12:00:00.000Z,XBTUSD,45949.5,46320,45327,45926.5,26358,341207700,45815.4554926609
2021-08-09T16:00:00.000Z,XBTUSD,45926.5,46489.5,45721.5,45993,20427,222964000,46129.0318142717
2021-08-09T20:00:00.000Z,XBTUSD,45993,46420,44926.5,46270,28852,355606600,45776.401662198
2021-08-10T00:00:00.000Z,XBTUSD,46270,46746,45654,45708.5,16533,170881300,46072.330160357
2021-08-10T04:00:00.000Z,XBTUSD,45708.5,46032,45306.5,45957.5,14742,161737400,45566.7098086523
2021-08-10T08:00:00.000Z,XBTUSD,45957.5,46149,45194.5,45342,22126,239341200,45633.1355995261
2021-08-10T12:00:00.000Z,XBTUSD,45342,46109,44824,45143,25727,259578800,45467.4076044604
2021-08-10T16:00:00.000Z,XBTUSD,45143,45570,44663,45519,19294,222573300,45164.5149073805
2021-08-10T20:00:00.000Z,XBTUSD,45519,45934,45280,45601,16729,149652900,45623.5682281637
2021-08-11T00:00:00.000Z,XBTUSD,45601,45987.5,45350,45572.5,13777,131524000,45656.3109282272
2021-08-11T04:00:00.000Z,XBTUSD,45572.5,46460,45464.5,46368,20507,243481500,46070.7868384871
2021-08-11T08:00:00.000Z,XBTUSD,46368,46636,45850.5,45960,17774,204423900,46205.3058949811
2021-08-11T12:00:00.000Z,XBTUSD,45960,46814,45858.5,46438,21792,248992800,46405.4628233357
2021-08-11T16:00:00.000Z,XBTUSD,46438,46600,46222.5,46440.5,12160,139952400,46379.236769401
2021-08-11T20:00:00.000Z,XBTUSD,46440.5,46665,45512,45518.5,19775,238393000,45940.14790239
2021-08-12T00:00:00.000Z,XBTUSD,45518.5,46150,45350.5,45899.5,11814,130079500,45733.66133266
2021-08-12T04:00:00.000Z,XBTUSD,45899.5,45980,44815.5,45240.5,21936,253514200,45206.348760872
2021-08-12T08:00:00.000Z,XBTUSD,45240.5,45636.5,44606,44771.5,22997,252627000,45152.5440120044
2021-08-12T12:00:00.000Z,XBTUSD,44771.5,44950,43958.5,44218,31072,391412700,44366.5083972502
2021-08-12T16:00:00.000Z,XBTUSD,44218,44488,43842,44379,15257,178772700,44157.6733033858
2021-08-12T20:00:00.000Z,XBTUSD,44379,44547.5,43888,44387.5,13071,137865700,44275.9205849395
2021-08-13T00:00:00.000Z,XBTUSD,44387.5,45360,44250,45179.5,23512,211284800,44874.7215785779
2021-08-13T04:00:00.000Z,XBTUSD,45179.5,46367.5,44955,46114.5,24884,261694400,45717.4799406568
2021-08-13T08:00:00.000Z,XBTUSD,46114.5,46564,45983,46160,22600,263728000,46305.1405315365
2021-08-13T12:00:00.000Z,XBTUSD,46160,46701,46160.5,46384.5,20875,217834800,46441.0190861451
2021-08-13T16:00:00.000Z,XBTUSD,46384.5,46671.5,46233,46494.5,17048,166063600,46475.135987331
2021-08-13T20:00:00.000Z,XBTUSD,46494.5,47933,46453,47821,29979,349385300,47481.0417094253
2021-08-14T00:00:00.000Z,XBTUSD,47821,47850,47411.5,47563.5,9938,99646100,47650.3384888787
2021-08-14T04:00:00.000Z,XBTUSD,47563.5,47740.5,47455.5,47634,9084,86290400,47579.9725471638
2021-08-14T08:00:00.000Z,XBTUSD,47634,48200,46005,46528.5,43252,518291600,46848.1885830958
2021-08-14T12:00:00.000Z,XBTUSD,46528.5,46934,46139,46930,17606,180006500,46572.4227496262
2021-08-14T16:00:00.000Z,XBTUSD,46930,47362.5,46620,47050,12422,108201300,46902.8893143192
2021-08-14T20:00:00.000Z,XBTUSD,47050,47248.5,46325,47097.5,16943,116117900,46798.0209649756
2021-08-15T00:00:00.000Z,XBTUSD,47097.5,47416.5,46818,46900,12660,81148600,47171.225187545
2021-08-15T04:00:00.000Z,XBTUSD,46900,46900,45650,45758,23756,245425800,46266.1227377209
2021-08-15T08:00:00.000Z,XBTUSD,45758,46157.5,45582,45934,22504,238033700,45860.8234010592
2021-08-15T12:00:00.000Z,XBTUSD,45934,46517,45467.5,46165,28123,277538600,46006.9345969343
2021-08-15T16:00:00.000Z,XBTUSD,46165,46431.5,45620.5,46326.5,19543,191108200,46056.015468447
2021-08-15T20:00:00.000Z,XBTUSD,46326.5,47346,46266,47030,22541,265060200,46951.6567120068
2021-08-16T00:00:00.000Z,XBTUSD,47030,48090,46810,47400,28455,339597800,47625.0430626599
2021-08-16T04:00:00.000Z,XBTUSD,47400,47846,47219.5,47330,16052,178511300,47453.4812867265
2021-08-16T08:00:00.000Z,XBTUSD,47330,47680,47025,47552.5,15906,160100400,47356.2348132223
2021-08-16T12:00:00.000Z,XBTUSD,47552.5,47749,45911.5,46320,36997,496753300,46605.3519522859
2021-08-16T16:00:00.000Z,XBTUSD,46320,46648,46068,46076.5,18426,238548400,46363.5165185255
2021-08-16T20:00:00.000Z,XBTUSD,46076.5,46315,45619,45859,23138,283331700,45931.0099892517
2021-08-17T00:00:00.000Z,XBTUSD,45859,46595,45242,46418.5,22668,269698200,45907.1221406358
2021-08-17T04:00:00.000Z,XBTUSD,46418.5,46583,45650,45932.5,19090,188025900,46058.5248036888
2021-08-17T08:00:00.000Z,XBTUSD,45932.5,47181,45874.5,46885,27107,270669700,46682.7313481938
2021-08-17T12:00:00.000Z,XBTUSD,46885,47087,45629.5,45698,35703,382914800,46248.8928642088
2021-08-17T16:00:00.000Z,XBTUSD,45698,46172,45250,45438,26495,299484200,45666.9037242542
2021-08-17T20:00:00.000Z,XBTUSD,45438,45503,44401,44650,38116,488040200,44829.9377682525
2021-08-18T00:00:00.000Z,XBTUSD,44650,45100,44200,45035,29233,317265300,44734.3553146412
2021-08-18T04:00:00.000Z,XBTUSD,45035,45494.5,44850.5,44962.5,27506,229997900,45179.522843684
2021-08-18T08:00:00.000Z,XBTUSD,44962.5,45550,44640,44749,25718,255351200,45125.9872694653
2021-08-18T12:00:00.000Z,XBTUSD,44749,45824,44649,45811.5,26072,279098000,45246.3884234578
2021-08-18T16:00:00.000Z,XBTUSD,45811.5,46025,44745.5,44884,30028,363839300,45382.5077255579
2021-08-18T20:00:00.000Z,XBTUSD,44884,45164.5,44400,44697,19115,189016600,44711.875498664
2021-08-19T00:00:00.000Z,XBTUSD,44697,45191.5,44008.5,44026.5,24381,261595800,44564.9253915581
2021-08-19T04:00:00.000Z,XBTUSD,44026.5,44650,43917,44650,20754,219076600,44256.3465500159
2021-08-19T08:00:00.000Z,XBTUSD,44650,44975.5,44180.5,44216.5,26541,262180200,44627.4166793798
2021-08-19T12:00:00.000Z,XBTUSD,44216.5,45807,44136.5,45791.5,37215,367911100,45180.0736404256
2021-08-19T16:00:00.000Z,XBTUSD,45791.5,46773.5,45416,46699.5,33680,339817200,46218.6936107577
2021-08-19T20:00:00.000Z,XBTUSD,46699.5,47121,46360,46767.5,21886,191769300,46671.721585871
2021-08-20T00:00:00.000Z,XBTUSD,46767.5,47447,46659,47080,22251,241401600,47141.786880763
2021-08-20T04:00:00.000Z,XBTUSD,47080,47264.5,46751.5,46864,22011,212396000,47055.9290275617
2021-08-20T08:00:00.000Z,XBTUSD,46864,47387.5,46773,46960.5,24352,214807200,47077.8776295038
2021-08-20T12:00:00.000Z,XBTUSD,46960.5,48797,46914,48777,51247,493772600,48000.3958251613
2021-08-20T16:00:00.000Z,XBTUSD,48777,49170,48353,48719,33683,316978700,48716.5082516085
2021-08-20T20:00:00.000Z,XBTUSD,48719,49487.5,48655,49362,23246,230563200,49087.878740949
2021-08-21T00:00:00.000Z,XBTUSD,49362,49402,48750,48889,19683,199087900,49015.3549951539
2021-08-21T04:00:00.000Z,XBTUSD,48889,49050,48605.5,49013,19896,170569100,48829.3851916323
2021-08-21T08:00:00.000Z,XBTUSD,49013,49450,48216,48540.5,29774,289229300,48795.8599467374
2021-08-21T12:00:00.000Z,XBTUSD,48540.5,49494,48490,49231.5,27374,245133000,49109.3944655586
2021-08-21T16:00:00.000Z,XBTUSD,49231.5,49820.5,48753.5,49003.5,27490,242558200,49430.0942318366
2021-08-21T20:00:00.000Z,XBTUSD,49003.5,49430,48830.5,48855,16637,139888700,49151.415922875
2021-08-22T00:00:00.000Z,XBTUSD,48855,49190,48623.5,48835,17618,166935500,48914.4504053752
2021-08-22T04:00:00.000Z,XBTUSD,48835,49331,48800.5,49225.5,13736,111813900,49138.5680742846
2021-08-22T08:00:00.000Z,XBTUSD,49225.5,49500,48953.5,49170,17514,145913000,49218.1058132641
2021-08-22T12:00:00.000Z,XBTUSD,49170,49258.5,48083.5,48542.5,31543,305213400,48658.6982433947
2021-08-22T16:00:00.000Z,XBTUSD,48542.5,48869,48214,48677,19554,193647800,48546.9233093121
2021-08-22T20:00:00.000Z,XBTUSD,48677,49550,48242.5,49299.5,24695,240032500,48950.2669321035
2021-08-23T00:00:00.000Z,XBTUSD,49299.5,50552,49122.5,50340,38085,399398200,49936.7446855195
2021-08-23T04:00:00.000Z,XBTUSD,50340,50473,50073,50199.5,18480,188799800,50283.6834471496
2021-08-23T08:00:00.000Z,XBTUSD,50199.5,50596,50002,50472,20187,150133800,50290.1507643876
2021-08-23T12:00:00.000Z,XBTUSD,50472,50530,49341,49553,37273,363004600,49852.8346958758
2021-08-23T16:00:00.000Z,XBTUSD,49553,49838,49080,49260,23037,242397000,49424.0359643865
2021-08-23T20:00:00.000Z,XBTUSD,49260,49714,49049,49485.5,15175,135279700,49450.6649017899
2021-08-24T00:00:00.000Z,XBTUSD,49485.5,49669.5,48776,49309,20222,201181400,49135.8581491069
2021-08-24T04:00:00.000Z,XBTUSD,49309,49857,49180.5,49817.5,20616,193809300,49592.9005831529
2021-08-24T08:00:00.000Z,XBTUSD,49817.5,49884.5,49091,49448,23851,230344100,49523.0919335976
2021-08-24T12:00:00.000Z,XBTUSD,49448,49471,48181,48280,46979,501604600,48658.8602105757
2021-08-24T16:00:00.000Z,XBTUSD,48280,48380,47704,48200.5,39437,472901900,48049.6752618574
2021-08-24T20:00:00.000Z,XBTUSD,48200.5,48343.5,47555,47668,21310,207630900,48077.9992552209
2021-08-25T00:00:00.000Z,XBTUSD,47668,48272.5,47642,47967,22385,267514800,47994.9083493254
2021-08-25T04:00:00.000Z,XBTUSD,47967,48591,47913,48140.5,21736,241771900,48252.9905884196
2021-08-25T08:00:00.000Z,XBTUSD,48140.5,48160,47060.5,47565,44339,443140300,47420.8668804689
2021-08-25T12:00:00.000Z,XBTUSD,47565,48820,47304,48778,36313,367529500,48082.0066461889
2021-08-25T16:00:00.000Z,XBTUSD,48778,49160.5,48501,48667.5,29658,351620000,48851.6873202315
2021-08-25T20:00:00.000Z,XBTUSD,48667.5,49300,48617,49014,27069,309514200,48936.8541369808
2021-08-26T00:00:00.000Z,XBTUSD,49014,49370.5,47845.5,47911.5,30477,348697900,48607.6080494032
2021-08-26T04:00:00.000Z,XBTUSD,47911.5,48049,46566.5,46891.5,55829,701737700,47178.3373087928
2021-08-26T08:00:00.000Z,XBTUSD,46891.5,47174.5,46685,46828.5,25134,248639600,46914.7824199622
2021-08-26T12:00:00.000Z,XBTUSD,46828.5,47400,46272,46791.5,40979,348403600,46932.6933645555
2021-08-26T16:00:00.000Z,XBTUSD,46791.5,47090,46505,46922.5,23251,196007300,46857.108637224
2021-08-26T20:00:00.000Z,XBTUSD,46922.5,47422,46815.5,46835.5,19718,177730000,47144.0806098694
2021-08-27T00:00:00.000Z,XBTUSD,46835.5,47647,46335.5,46785.5,38522,434673100,47091.1566422053
2021-08-27T04:00:00.000Z,XBTUSD,46785.5,47575,46573,47483,28293,224049600,47084.6087131778
2021-08-27T08:00:00.000Z,XBTUSD,47483,47787,46980.5,47455.5,26180,212222100,47397.3631380726
2021-08-27T12:00:00.000Z,XBTUSD,47455.5,48426.5,46999.5,48172,43429,432779500,47787.0981266494
2021-08-27T16:00:00.000Z,XBTUSD,48172,48559,48004.5,48292.5,19478,176861700,48288.4451500066
2021-08-27T20:00:00.000Z,XBTUSD,48292.5,49213.5,48185,49086.5,26026,262012600,48928.2843361014
2021-08-28T00:00:00.000Z,XBTUSD,49086.5,49331.5,48827,48909,23165,239358500,49114.8839378617
2021-08-28T04:00:00.000Z,XBTUSD,48909,49130,48680,48985.5,19649,183590100,48943.9434015647
2021-08-28T08:00:00.000Z,XBTUSD,48985.5,49129,48680,48707,14244,113106800,48917.3931399049
2021-08-28T12:00:00.000Z,XBTUSD,48707,49001,48386,48832,25630,209854900,48708.5351445785
2021-08-28T16:00:00.000Z,XBTUSD,48832,49198,48514.5,48656,20067,147388500,48883.236688755
2021-08-28T20:00:00.000Z,XBTUSD,48656,48999.5,48603.5,48924,11616,80271200,48797.1801334396
2021-08-29T00:00:00.000Z,XBTUSD,48924,49711,48100,48236,38038,381431100,48981.5620999559
2021-08-29T04:00:00.000Z,XBTUSD,48236,48580,47765.5,48494.5,21967,212512600,48213.266159474
2021-08-29T08:00:00.000Z,XBTUSD,48494.5,48672.5,48160,48180,18690,152945100,48460.3738067177
2021-08-29T12:00:00.000Z,XBTUSD,48180,48540,48140,48498.5,16999,135610200,48364.2754132196
2021-08-29T16:00:00.000Z,XBTUSD,48498.5,48893,48360,48809.5,14586,110850500,48681.2978820878
2021-08-29T20:00:00.000Z,XBTUSD,48809.5,49445,48402,48800,27117,284618000,49032.109328033
2021-08-30T00:00:00.000Z,XBTUSD,48800,48919,47818.5,47960.5,29594,275680100,48349.1937744094
2021-08-30T04:00:00.000Z,XBTUSD,47960.5,48138,47573,47954.5,26821,273148000,47887.9607788455
2021-08-30T08:00:00.000Z,XBTUSD,47954.5,48224.5,47651.5,47909.5,19666,175043800,47928.6029097586
2021-08-30T12:00:00.000Z,XBTUSD,47909.5,48122.5,47389,48027.5,27719,277245100,47715.4165679653
2021-08-30T16:00:00.000Z,XBTUSD,48027.5,48639,47985,48639,19517,159585300,48299.9335392339
2021-08-30T20:00:00.000Z,XBTUSD,48639,48730,46833.5,46979.5,39241,365825600,47812.0966174795
2021-08-31T00:00:00.000Z,XBTUSD,46979.5,47173,46678,47115.5,22907,227716800,46919.1951928144
2021-08-31T04:00:00.000Z,XBTUSD,47115.5,47909,46807,47766.5,28454,268444800,47291.5067469221
2021-08-31T08:00:00.000Z,XBTUSD,47766.5,48083.5,47151,47990,40467,384038100,47633.7006020544
2021-08-31T12:00:00.000Z,XBTUSD,47990,48292.5,47173,47420,35818,284678100,47694.8336373856
2021-08-31T16:00:00.000Z,XBTUSD,47420,47580,46987.5,47335.5,22490,177978100,47265.1738074187
2021-08-31T20:00:00.000Z,XBTUSD,47335.5,47396,46750,47139,22064,208950300,47059.1294694101
2021-09-01T00:00:00.000Z,XBTUSD,47139,47357,46507,47046.5,29020,263840300,46817.7433681602
2021-09-01T04:00:00.000Z,XBTUSD,47046.5,47486,46978.5,47192.5,22529,203964500,47285.0603339652
2021-09-01T08:00:00.000Z,XBTUSD,47192.5,47791,47129,47738,22246,178323700,47539.2733356274
2021-09-01T12:00:00.000Z,XBTUSD,47738,47867.5,47297.5,47520,21924,184465600,47586.1977007707
2021-09-01T16:00:00.000Z,XBTUSD,47520,49118.5,47415.5,48190.5,50625,519806800,48459.0682349354
2021-09-01T20:00:00.000Z,XBTUSD,48190.5,48909.5,48130,48849.5,25613,277400100,48523.4344884541
2021-09-02T00:00:00.000Z,XBTUSD,48849.5,49929,48623,49652,38923,400538800,49381.0468725547
2021-09-02T04:00:00.000Z,XBTUSD,49652,50420,49400,49915.5,33576,312853200,49841.2119704109
2021-09-02T08:00:00.000Z,XBTUSD,49915.5,50250,49723.5,50130.5,24863,192535800,49981.3891341622
2021-09-02T12:00:00.000Z,XBTUSD,50130.5,50440.5,49321.5,49591,44302,427032700,49854.9513454783
2021-09-02T16:00:00.000Z,XBTUSD,49591,49773.5,49230,49390,25491,229868000,49483.2216486764
2021-09-02T20:00:00.000Z,XBTUSD,49390,49871,49270,49314,20556,199897100,49607.116758963
2021-09-03T00:00:00.000Z,XBTUSD,49314,49558,48350,49506,38096,440732600,48877.9270960076
